timestamp,open,high,low,close,volume,symbol
2026-03-10T00:00:00+10:00,1.09200,1.09206,1.09173,1.09179,100,EURUSD
2026-03-10T00:15:00+10:00,1.09179,1.09185,1.09152,1.09158,100,EURUSD
2026-03-10T00:30:00+10:00,1.09158,1.09164,1.09130,1.09136,100,EURUSD
2026-03-10T00:45:00+10:00,1.09136,1.09142,1.09109,1.09115,100,EURUSD
2026-03-10T01:00:00+10:00,1.09115,1.09121,1.09088,1.09094,100,EURUSD
2026-03-10T01:15:00+10:00,1.09094,1.09100,1.09066,1.09072,100,EURUSD
2026-03-10T01:30:00+10:00,1.09072,1.09078,1.09045,1.09051,100,EURUSD
2026-03-10T01:45:00+10:00,1.09051,1.09057,1.09024,1.09030,100,EURUSD
2026-03-10T02:00:00+10:00,1.09030,1.09036,1.09003,1.09009,100,EURUSD
2026-03-10T02:15:00+10:00,1.09009,1.09015,1.08982,1.08988,100,EURUSD
2026-03-10T02:30:00+10:00,1.08988,1.08994,1.08960,1.08966,100,EURUSD
2026-03-10T02:45:00+10:00,1.08966,1.08972,1.08939,1.08945,100,EURUSD
2026-03-10T03:00:00+10:00,1.08945,1.08951,1.08918,1.08924,100,EURUSD
2026-03-10T03:15:00+10:00,1.08924,1.08930,1.08896,1.08902,100,EURUSD
2026-03-10T03:30:00+10:00,1.08902,1.08908,1.08875,1.08881,100,EURUSD
2026-03-10T03:45:00+10:00,1.08881,1.08887,1.08854,1.08860,100,EURUSD
2026-03-10T04:00:00+10:00,1.08860,1.08866,1.08833,1.08839,100,EURUSD
2026-03-10T04:15:00+10:00,1.08839,1.08845,1.08812,1.08818,100,EURUSD
2026-03-10T04:30:00+10:00,1.08818,1.08824,1.08790,1.08796,100,EURUSD
2026-03-10T04:45:00+10:00,1.08796,1.08802,1.08769,1.08775,100,EURUSD
2026-03-10T05:00:00+10:00,1.08775,1.08781,1.08748,1.08754,100,EURUSD
2026-03-10T05:15:00+10:00,1.08754,1.08760,1.08726,1.08732,100,EURUSD
2026-03-10T05:30:00+10:00,1.08732,1.08738,1.08705,1.08711,100,EURUSD
2026-03-10T05:45:00+10:00,1.08711,1.08717,1.08684,1.08690,100,EURUSD
2026-03-10T06:00:00+10:00,1.08690,1.08696,1.08663,1.08669,100,EURUSD
2026-03-10T06:15:00+10:00,1.08669,1.08675,1.08642,1.08648,100,EURUSD
2026-03-10T06:30:00+10:00,1.08648,1.08654,1.08620,1.08626,100,EURUSD
2026-03-10T06:45:00+10:00,1.08626,1.08632,1.08599,1.08605,100,EURUSD
2026-03-10T07:00:00+10:00,1.08605,1.08611,1.08578,1.08584,100,EURUSD
2026-03-10T07:15:00+10:00,1.08584,1.08590,1.08556,1.08562,100,EURUSD
2026-03-10T07:30:00+10:00,1.08562,1.08568,1.08535,1.08541,100,EURUSD
2026-03-10T07:45:00+10:00,1.08541,1.08547,1.08514,1.08520,100,EURUSD
2026-03-10T08:00:00+10:00,1.08520,1.08528,1.08508,1.08516,100,EURUSD
2026-03-10T08:15:00+10:00,1.08516,1.08524,1.08503,1.08511,100,EURUSD
2026-03-10T08:30:00+10:00,1.08511,1.08519,1.08499,1.08507,100,EURUSD
2026-03-10T08:45:00+10:00,1.08507,1.08515,1.08494,1.08502,100,EURUSD
2026-03-10T09:00:00+10:00,1.08502,1.08510,1.08490,1.08498,100,EURUSD
2026-03-10T09:15:00+10:00,1.08498,1.08506,1.08486,1.08494,100,EURUSD
2026-03-10T09:30:00+10:00,1.08494,1.08502,1.08481,1.08489,100,EURUSD
2026-03-10T09:45:00+10:00,1.08489,1.08497,1.08477,1.08485,100,EURUSD
2026-03-10T10:00:00+10:00,1.08485,1.08493,1.08473,1.08481,100,EURUSD
2026-03-10T10:15:00+10:00,1.08481,1.08489,1.08468,1.08476,100,EURUSD
2026-03-10T10:30:00+10:00,1.08476,1.08484,1.08464,1.08472,100,EURUSD
2026-03-10T10:45:00+10:00,1.08472,1.08480,1.08459,1.08468,100,EURUSD
2026-03-10T11:00:00+10:00,1.08468,1.08476,1.08455,1.08463,100,EURUSD
2026-03-10T11:15:00+10:00,1.08463,1.08471,1.08451,1.08459,100,EURUSD
2026-03-10T11:30:00+10:00,1.08459,1.08467,1.08446,1.08454,100,EURUSD
2026-03-10T11:45:00+10:00,1.08454,1.08462,1.08442,1.08450,100,EURUSD
2026-03-10T12:00:00+10:00,1.08450,1.08458,1.08438,1.08446,100,EURUSD
2026-03-10T12:15:00+10:00,1.08446,1.08454,1.08433,1.08441,100,EURUSD
2026-03-10T12:30:00+10:00,1.08441,1.08449,1.08429,1.08437,100,EURUSD
2026-03-10T12:45:00+10:00,1.08437,1.08445,1.08424,1.08432,100,EURUSD
2026-03-10T13:00:00+10:00,1.08432,1.08441,1.08420,1.08428,100,EURUSD
2026-03-10T13:15:00+10:00,1.08428,1.08436,1.08416,1.08424,100,EURUSD
2026-03-10T13:30:00+10:00,1.08424,1.08432,1.08411,1.08419,100,EURUSD
2026-03-10T13:45:00+10:00,1.08419,1.08427,1.08407,1.08415,100,EURUSD
2026-03-10T14:00:00+10:00,1.08415,1.08423,1.08403,1.08411,100,EURUSD
2026-03-10T14:15:00+10:00,1.08411,1.08419,1.08398,1.08406,100,EURUSD
2026-03-10T14:30:00+10:00,1.08406,1.08414,1.08394,1.08402,100,EURUSD
2026-03-10T14:45:00+10:00,1.08402,1.08410,1.08390,1.08398,100,EURUSD
2026-03-10T15:00:00+10:00,1.08398,1.08406,1.08385,1.08393,100,EURUSD
2026-03-10T15:15:00+10:00,1.08393,1.08401,1.08381,1.08389,100,EURUSD
2026-03-10T15:30:00+10:00,1.08389,1.08397,1.08376,1.08384,100,EURUSD
2026-03-10T15:45:00+10:00,1.08384,1.08392,1.08372,1.08380,100,EURUSD
2026-03-10T16:00:00+10:00,1.08380,1.08387,1.08374,1.08381,100,EURUSD
2026-03-10T16:15:00+10:00,1.08381,1.08389,1.08375,1.08383,100,EURUSD
2026-03-10T16:30:00+10:00,1.08383,1.08390,1.08377,1.08384,100,EURUSD
2026-03-10T16:45:00+10:00,1.08384,1.08392,1.08378,1.08386,100,EURUSD
2026-03-10T17:00:00+10:00,1.08386,1.08393,1.08380,1.08387,100,EURUSD
2026-03-10T17:15:00+10:00,1.08387,1.08395,1.08381,1.08389,100,EURUSD
2026-03-10T17:30:00+10:00,1.08389,1.08396,1.08383,1.08390,100,EURUSD
2026-03-10T17:45:00+10:00,1.08390,1.08397,1.08384,1.08391,100,EURUSD
2026-03-10T18:00:00+10:00,1.08391,1.08399,1.08385,1.08393,100,EURUSD
2026-03-10T18:15:00+10:00,1.08393,1.08400,1.08387,1.08394,100,EURUSD
2026-03-10T18:30:00+10:00,1.08394,1.08402,1.08388,1.08396,100,EURUSD
2026-03-10T18:45:00+10:00,1.08396,1.08403,1.08390,1.08397,100,EURUSD
2026-03-10T19:00:00+10:00,1.08397,1.08405,1.08391,1.08399,100,EURUSD
2026-03-10T19:15:00+10:00,1.08399,1.08406,1.08393,1.08400,100,EURUSD
2026-03-10T19:30:00+10:00,1.08400,1.08407,1.08394,1.08401,100,EURUSD
2026-03-10T19:45:00+10:00,1.08401,1.08409,1.08395,1.08403,100,EURUSD
2026-03-10T20:00:00+10:00,1.08403,1.08410,1.08397,1.08404,100,EURUSD
2026-03-10T20:15:00+10:00,1.08404,1.08412,1.08398,1.08406,100,EURUSD
2026-03-10T20:30:00+10:00,1.08406,1.08413,1.08400,1.08407,100,EURUSD
2026-03-10T20:45:00+10:00,1.08407,1.08415,1.08401,1.08409,100,EURUSD
2026-03-10T21:00:00+10:00,1.08409,1.08416,1.08403,1.08410,100,EURUSD
2026-03-10T21:15:00+10:00,1.08410,1.08417,1.08404,1.08411,100,EURUSD
2026-03-10T21:30:00+10:00,1.08411,1.08419,1.08405,1.08413,100,EURUSD
2026-03-10T21:45:00+10:00,1.08413,1.08420,1.08407,1.08414,100,EURUSD
2026-03-10T22:00:00+10:00,1.08440,1.08470,1.08400,1.08420,100,EURUSD
2026-03-10T22:15:00+10:00,1.08420,1.08450,1.08395,1.08410,100,EURUSD
2026-03-10T22:30:00+10:00,1.08410,1.08430,1.08390,1.08400,100,EURUSD
2026-03-10T22:45:00+10:00,1.08400,1.08450,1.08395,1.08430,100,EURUSD
2026-03-10T23:00:00+10:00,1.08430,1.08656,1.08420,1.08500,100,EURUSD
2026-03-10T23:15:00+10:00,1.08500,1.08510,1.08190,1.08210,100,EURUSD
2026-03-10T23:30:00+10:00,1.08210,1.08220,1.08170,1.08190,100,EURUSD
2026-03-10T23:45:00+10:00,1.08190,1.08340,1.08180,1.08310,100,EURUSD
2026-03-11T00:00:00+10:00,1.08300,1.08330,1.08140,1.08160,100,EURUSD
2026-03-11T00:15:00+10:00,1.08160,1.08170,1.07900,1.07920,100,EURUSD
2026-03-11T00:30:00+10:00,1.07920,1.07926,1.07908,1.07912,100,EURUSD
2026-03-11T00:45:00+10:00,1.07912,1.07918,1.07900,1.07904,100,EURUSD
2026-03-11T01:00:00+10:00,1.07904,1.07910,1.07892,1.07896,100,EURUSD
2026-03-11T01:15:00+10:00,1.07896,1.07902,1.07884,1.07888,100,EURUSD
2026-03-11T01:30:00+10:00,1.07888,1.07894,1.07876,1.07880,100,EURUSD
2026-03-11T01:45:00+10:00,1.07880,1.07886,1.07868,1.07872,100,EURUSD
2026-03-11T02:00:00+10:00,1.07872,1.07878,1.07860,1.07864,100,EURUSD
